bin,elasticity_miles,elasticity_time,distance_bin,mean_fare,count
0-2 mi,0.04188156,0.408379392,0-2 mi,11.98739474,734759
2-5 mi,0.261274383,0.511352838,2-5 mi,20.26802896,651515
5-10 mi,0.464154935,0.428541838,5-10 mi,31.48603693,364147
10-20 mi,0.691830353,0.341006276,10-20 mi,52.25816544,201367
20-50 mi,0.87722051,0.229763427,20-50 mi,93.39168741,43060
50+ mi,0.727998077,0.230045569,50+ mi,205.8959295,2383
